{"cameraMode":{"drawMode":0,"name":"Shaded","section":"Shading Mode"},"sceneLighting":false,"audioPlay":false,"sceneViewState":{"m_AlwaysRefresh":false,"showFog":true,"showSkybox":false,"showFlares":true,"showImageEffects":true,"showParticleSystems":true,"showVisualEffectGraphs":true,"m_FxEnabled":true},"in2DMode":false,"pivot":{"x":-0.2547925114631653,"y":-0.0028464719653129579,"z":-0.35335659980773928},"rotation":{"x":-0.07006911933422089,"y":0.9087159037590027,"z":-0.16987667977809907,"w":-0.37480488419532778},"size":1.0961098670959473,"orthographic":false}