{"cameraMode":{"drawMode":0,"name":"Shaded","section":"Shading Mode"},"sceneLighting":false,"audioPlay":false,"sceneViewState":{"m_AlwaysRefresh":false,"showFog":true,"showSkybox":false,"showFlares":true,"showImageEffects":true,"showParticleSystems":true,"showVisualEffectGraphs":true,"m_FxEnabled":true},"in2DMode":false,"pivot":{"x":0.02996407449245453,"y":0.0020594336092472078,"z":0.01989319920539856},"rotation":{"x":0.15937654674053193,"y":-0.43420711159706118,"z":0.07828953862190247,"w":0.88321852684021},"size":0.45153629779815676,"orthographic":true}