{"cameraMode":{"drawMode":0,"name":"Shaded","section":"Shading Mode"},"sceneLighting":false,"audioPlay":false,"sceneViewState":{"m_AlwaysRefresh":false,"showFog":true,"showSkybox":false,"showFlares":true,"showImageEffects":true,"showParticleSystems":true,"showVisualEffectGraphs":true,"m_FxEnabled":true},"in2DMode":false,"pivot":{"x":-0.004510894417762756,"y":-0.01158500462770462,"z":0.048945315182209018},"rotation":{"x":-0.36641162633895876,"y":0.4446192681789398,"z":-0.2059655785560608,"w":-0.79097580909729},"size":0.3244948983192444,"orthographic":false}