{"cameraMode":{"drawMode":0,"name":"Shaded","section":"Shading Mode"},"sceneLighting":false,"audioPlay":false,"sceneViewState":{"m_AlwaysRefresh":false,"showFog":true,"showSkybox":false,"showFlares":true,"showImageEffects":true,"showParticleSystems":true,"showVisualEffectGraphs":true,"m_FxEnabled":true},"in2DMode":false,"pivot":{"x":-0.030999217182397844,"y":-0.020979367196559907,"z":0.017898838967084886},"rotation":{"x":-0.1539391279220581,"y":0.7778933048248291,"z":-0.2092779129743576,"w":-0.5721918940544128},"size":0.03622156381607056,"orthographic":false}