{"cameraMode":{"drawMode":0,"name":"Shaded","section":"Shading Mode"},"sceneLighting":false,"audioPlay":false,"sceneViewState":{"m_AlwaysRefresh":false,"showFog":true,"showSkybox":false,"showFlares":true,"showImageEffects":true,"showParticleSystems":true,"showVisualEffectGraphs":true,"m_FxEnabled":true},"in2DMode":false,"pivot":{"x":0.10373365879058838,"y":0.04533232003450394,"z":1.112303376197815},"rotation":{"x":0.23540638387203217,"y":-0.2684004604816437,"z":0.06781958788633347,"w":0.9316359162330627},"size":0.4224745035171509,"orthographic":false}