{"cameraMode":{"drawMode":0,"name":"Shaded","section":"Shading Mode"},"sceneLighting":true,"audioPlay":false,"sceneViewState":{"m_AlwaysRefresh":false,"showFog":true,"showSkybox":true,"showFlares":true,"showImageEffects":true,"showParticleSystems":true,"showVisualEffectGraphs":true,"m_FxEnabled":true},"in2DMode":false,"pivot":{"x":39.40873336791992,"y":23.21426010131836,"z":19.159666061401368},"rotation":{"x":-0.2478586733341217,"y":0.04996192082762718,"z":-0.012800196185708046,"w":-0.9674239158630371},"size":26.362003326416017,"orthographic":false}