{"cameraMode":{"drawMode":0,"name":"Shaded","section":"Shading Mode"},"sceneLighting":true,"audioPlay":false,"sceneViewState":{"m_AlwaysRefresh":false,"showFog":true,"showSkybox":true,"showFlares":true,"showImageEffects":true,"showParticleSystems":true,"showVisualEffectGraphs":true,"m_FxEnabled":true},"in2DMode":false,"pivot":{"x":0.12987054884433747,"y":0.00813668966293335,"z":1.1490249633789063},"rotation":{"x":0.17426085472106934,"y":-0.18865808844566346,"z":0.034037940204143527,"w":0.9658598899841309},"size":0.8598076701164246,"orthographic":false}