{"cameraMode":{"drawMode":0,"name":"Shaded","section":"Shading Mode"},"sceneLighting":true,"audioPlay":false,"sceneViewState":{"m_AlwaysRefresh":false,"showFog":true,"showSkybox":true,"showFlares":true,"showImageEffects":true,"showParticleSystems":true,"showVisualEffectGraphs":true,"m_FxEnabled":true},"in2DMode":false,"pivot":{"x":-0.031169425696134568,"y":-0.29033172130584719,"z":0.5452588796615601},"rotation":{"x":-0.3553768992424011,"y":0.0005571589572355151,"z":-0.00022136102779768407,"w":-0.9347436428070068},"size":0.8364998698234558,"orthographic":false}