{"cameraMode":{"drawMode":0,"name":"Shaded","section":"Shading Mode"},"sceneLighting":true,"audioPlay":false,"sceneViewState":{"m_AlwaysRefresh":false,"showFog":true,"showSkybox":true,"showFlares":true,"showImageEffects":true,"showParticleSystems":true,"showVisualEffectGraphs":true,"m_FxEnabled":true},"in2DMode":false,"pivot":{"x":0.3459283113479614,"y":0.03120782971382141,"z":0.9017701745033264},"rotation":{"x":-0.3493499159812927,"y":0.4410112500190735,"z":-0.19158661365509034,"w":-0.8042144775390625},"size":0.7098378539085388,"orthographic":false}