{"cameraMode":{"drawMode":0,"name":"Shaded","section":"Shading Mode"},"sceneLighting":true,"audioPlay":false,"sceneViewState":{"m_AlwaysRefresh":false,"showFog":true,"showSkybox":true,"showFlares":true,"showImageEffects":true,"showParticleSystems":true,"showVisualEffectGraphs":true,"m_FxEnabled":true},"in2DMode":false,"pivot":{"x":-0.36600613594055178,"y":-0.4336588382720947,"z":0.8936812877655029},"rotation":{"x":-0.20401741564273835,"y":0.20730680227279664,"z":-0.04426148533821106,"w":-0.9557446241378784},"size":1.207395076751709,"orthographic":false}