{"cameraMode":{"drawMode":0,"name":"Shaded","section":"Shading Mode"},"sceneLighting":false,"audioPlay":false,"sceneViewState":{"m_AlwaysRefresh":false,"showFog":true,"showSkybox":false,"showFlares":true,"showImageEffects":true,"showParticleSystems":true,"showVisualEffectGraphs":true,"m_FxEnabled":true},"in2DMode":false,"pivot":{"x":-0.054633721709251407,"y":0.01670180633664131,"z":-0.039461828768253329},"rotation":{"x":0.02226685732603073,"y":0.9712015390396118,"z":-0.1005832776427269,"w":0.2149473875761032},"size":0.08369126170873642,"orthographic":true}