{"cameraMode":{"drawMode":0,"name":"Shaded","section":"Shading Mode"},"sceneLighting":false,"audioPlay":false,"sceneViewState":{"m_AlwaysRefresh":false,"showFog":true,"showSkybox":false,"showFlares":true,"showImageEffects":true,"showParticleSystems":true,"showVisualEffectGraphs":true,"m_FxEnabled":true},"in2DMode":false,"pivot":{"x":-0.025130417197942735,"y":0.0001070462167263031,"z":-0.011539256200194359},"rotation":{"x":-0.0033218637108802797,"y":0.9965839982032776,"z":-0.05056954175233841,"w":-0.06555955857038498},"size":0.19183088839054109,"orthographic":true}