{"cameraMode":{"drawMode":0,"name":"Shaded","section":"Shading Mode"},"sceneLighting":false,"audioPlay":false,"sceneViewState":{"m_AlwaysRefresh":false,"showFog":true,"showSkybox":false,"showFlares":true,"showImageEffects":true,"showParticleSystems":true,"showVisualEffectGraphs":true,"m_FxEnabled":true},"in2DMode":false,"pivot":{"x":-0.025130417197942735,"y":0.0001070462167263031,"z":-0.011539256200194359},"rotation":{"x":0.09155634045600891,"y":0.827329695224762,"z":-0.14133262634277345,"w":0.535923957824707},"size":0.19183088839054109,"orthographic":true}