{"cameraMode":{"drawMode":0,"name":"Shaded","section":"Shading Mode"},"sceneLighting":false,"audioPlay":false,"sceneViewState":{"m_AlwaysRefresh":false,"showFog":true,"showSkybox":false,"showFlares":true,"showImageEffects":true,"showParticleSystems":true,"showVisualEffectGraphs":true,"m_FxEnabled":true},"in2DMode":false,"pivot":{"x":0.01778874173760414,"y":0.08623164892196655,"z":0.06358105689287186},"rotation":{"x":-0.1939823031425476,"y":0.4349088668823242,"z":-0.09653424471616745,"w":-0.8740484118461609},"size":0.12642982602119447,"orthographic":true}