{"cameraMode":{"drawMode":0,"name":"Shaded","section":"Shading Mode"},"sceneLighting":false,"audioPlay":false,"sceneViewState":{"m_AlwaysRefresh":false,"showFog":true,"showSkybox":false,"showFlares":true,"showImageEffects":true,"showParticleSystems":true,"showVisualEffectGraphs":true,"m_FxEnabled":true},"in2DMode":false,"pivot":{"x":0.03819367289543152,"y":0.02421579509973526,"z":-0.037519168108701709},"rotation":{"x":0.1552698314189911,"y":-0.3219050467014313,"z":0.05360177904367447,"w":0.9324676394462586},"size":0.18411649763584138,"orthographic":true}