{"cameraMode":{"drawMode":0,"name":"Shaded","section":"Shading Mode"},"sceneLighting":false,"audioPlay":false,"sceneViewState":{"m_AlwaysRefresh":false,"showFog":true,"showSkybox":false,"showFlares":true,"showImageEffects":true,"showParticleSystems":true,"showVisualEffectGraphs":true,"m_FxEnabled":true},"in2DMode":false,"pivot":{"x":-0.05918708071112633,"y":0.022746320813894273,"z":-0.03927210718393326},"rotation":{"x":-0.026587316766381265,"y":0.9699057936668396,"z":-0.12404200434684754,"w":-0.20793510973453523},"size":0.19683930277824403,"orthographic":true}