{"cameraMode":{"drawMode":0,"name":"Shaded","section":"Shading Mode"},"sceneLighting":false,"audioPlay":false,"sceneViewState":{"m_AlwaysRefresh":false,"showFog":true,"showSkybox":false,"showFlares":true,"showImageEffects":true,"showParticleSystems":true,"showVisualEffectGraphs":true,"m_FxEnabled":true},"in2DMode":false,"pivot":{"x":0.020208284258842469,"y":0.012536423280835152,"z":0.01610618829727173},"rotation":{"x":0.15213052928447724,"y":-0.2742363512516022,"z":0.04391917958855629,"w":0.9486112594604492},"size":0.1488611251115799,"orthographic":true}