{"cameraMode":{"drawMode":0,"name":"Shaded","section":"Shading Mode"},"sceneLighting":false,"audioPlay":false,"sceneViewState":{"m_AlwaysRefresh":false,"showFog":true,"showSkybox":false,"showFlares":true,"showImageEffects":true,"showParticleSystems":true,"showVisualEffectGraphs":true,"m_FxEnabled":true},"in2DMode":false,"pivot":{"x":-0.043548040091991428,"y":-0.001954919658601284,"z":0.00318039208650589},"rotation":{"x":0.0032123217824846508,"y":0.9956766963005066,"z":-0.08503708243370056,"w":0.037665270268917087},"size":0.20838522911071778,"orthographic":true}